"","UID","iso2","iso3","code3","FIPS","Admin2","Province_State","Country_Region","Lat","Long_","Combined_Key","X1.22.20","X1.23.20","X1.24.20","X1.25.20","X1.26.20","X1.27.20","X1.28.20","X1.29.20","X1.30.20","X1.31.20","X2.1.20","X2.2.20","X2.3.20","X2.4.20","X2.5.20","X2.6.20","X2.7.20","X2.8.20","X2.9.20","X2.10.20","X2.11.20","X2.12.20","X2.13.20","X2.14.20","X2.15.20","X2.16.20","X2.17.20","X2.18.20","X2.19.20","X2.20.20","X2.21.20","X2.22.20","X2.23.20","X2.24.20","X2.25.20","X2.26.20","X2.27.20","X2.28.20","X2.29.20","X3.1.20","X3.2.20","X3.3.20","X3.4.20","X3.5.20","X3.6.20","X3.7.20","X3.8.20","X3.9.20","X3.10.20","X3.11.20","X3.12.20","X3.13.20","X3.14.20","X3.15.20","X3.16.20","X3.17.20","X3.18.20","X3.19.20","X3.20.20","X3.21.20","X3.22.20","X3.23.20","X3.24.20","X3.25.20","X3.26.20","X3.27.20","X3.28.20","X3.29.20","X3.30.20","X3.31.20","X4.1.20","X4.2.20","X4.3.20","X4.4.20","X4.5.20","X4.6.20","X4.7.20","X4.8.20"
"2434",84047001,"US","USA",840,47001,"Anderson","Tennessee","US",36.12684348,-84.19965764,"Anderson, Tennessee, US",0,0,0,0,0,0,0,0,0,0,0,0,0,0,0,0,0,0,0,0,0,0,0,0,0,0,0,0,0,0,0,0,0,0,0,0,0,0,0,0,0,0,0,0,0,0,0,0,0,0,0,0,0,0,0,0,0,0,1,1,1,1,1,3,3,4,5,6,6,10,10,10,10,10,10,10,11,11
"2435",84047003,"US","USA",840,47003,"Bedford","Tennessee","US",35.51123746,-86.45549096,"Bedford, Tennessee, US",0,0,0,0,0,0,0,0,0,0,0,0,0,0,0,0,0,0,0,0,0,0,0,0,0,0,0,0,0,0,0,0,0,0,0,0,0,0,0,0,0,0,0,0,0,0,0,0,0,0,0,0,0,0,0,0,0,0,0,0,0,0,0,1,1,1,1,1,1,2,4,6,6,8,8,8,10,12
"2436",84047005,"US","USA",840,47005,"Benton","Tennessee","US",36.07110411,-88.06849355,"Benton, Tennessee, US",0,0,0,0,0,0,0,0,0,0,0,0,0,0,0,0,0,0,0,0,0,0,0,0,0,0,0,0,0,0,0,0,0,0,0,0,0,0,0,0,0,0,0,0,0,0,0,0,0,0,0,0,0,0,0,0,0,0,0,0,0,0,0,0,1,2,3,3,3,4,4,4,4,4,4,4,4,4
"2437",84047007,"US","USA",840,47007,"Bledsoe","Tennessee","US",35.59942968,-85.20611967,"Bledsoe, Tennessee, US",0,0,0,0,0,0,0,0,0,0,0,0,0,0,0,0,0,0,0,0,0,0,0,0,0,0,0,0,0,0,0,0,0,0,0,0,0,0,0,0,0,0,0,0,0,0,0,0,0,0,0,0,0,0,0,0,0,0,0,0,0,0,0,0,0,0,2,2,2,2,2,2,2,2,3,3,3,3
"2438",84047009,"US","USA",840,47009,"Blount","Tennessee","US",35.68938198,-83.92847788,"Blount, Tennessee, US",0,0,0,0,0,0,0,0,0,0,0,0,0,0,0,0,0,0,0,0,0,0,0,0,0,0,0,0,0,0,0,0,0,0,0,0,0,0,0,0,0,0,0,0,0,0,0,0,0,0,0,0,0,0,0,0,0,0,1,1,1,2,3,3,4,6,9,9,9,25,28,32,33,34,36,38,41,42
"2439",84047011,"US","USA",840,47011,"Bradley","Tennessee","US",35.15739424,-84.857186,"Bradley, Tennessee, US",0,0,0,0,0,0,0,0,0,0,0,0,0,0,0,0,0,0,0,0,0,0,0,0,0,0,0,0,0,0,0,0,0,0,0,0,0,0,0,0,0,0,0,0,0,0,0,0,0,0,0,0,0,0,0,0,0,0,1,1,2,1,2,3,5,6,5,8,8,10,14,18,21,21,21,23,25,28
"2440",84047013,"US","USA",840,47013,"Campbell","Tennessee","US",36.40355516,-84.1510856,"Campbell, Tennessee, US",0,0,0,0,0,0,0,0,0,0,0,0,0,0,0,0,0,0,0,0,0,0,0,0,0,0,0,0,0,0,0,0,0,0,0,0,0,0,0,0,0,0,0,0,0,0,0,0,0,0,0,0,1,1,1,1,1,1,1,2,2,2,2,2,2,4,4,4,4,4,4,4,4,5,5,5,6,6
"2441",84047015,"US","USA",840,47015,"Cannon","Tennessee","US",35.80990797,-86.05738983,"Cannon, Tennessee, US",0,0,0,0,0,0,0,0,0,0,0,0,0,0,0,0,0,0,0,0,0,0,0,0,0,0,0,0,0,0,0,0,0,0,0,0,0,0,0,0,0,0,0,0,0,0,0,0,0,0,0,0,0,0,0,0,0,0,0,0,0,0,0,0,1,2,3,2,3,3,3,4,4,4,6,7,7,7
"2442",84047017,"US","USA",840,47017,"Carroll","Tennessee","US",35.97366108,-88.45189331,"Carroll, Tennessee, US",0,0,0,0,0,0,0,0,0,0,0,0,0,0,0,0,0,0,0,0,0,0,0,0,0,0,0,0,0,0,0,0,0,0,0,0,0,0,0,0,0,0,0,0,0,0,0,0,0,0,0,0,0,0,0,0,0,0,1,1,2,2,3,3,3,4,4,5,5,5,5,5,6,6,7,8,8,8
"2443",84047019,"US","USA",840,47019,"Carter","Tennessee","US",36.28969086,-82.12588974,"Carter, Tennessee, US",0,0,0,0,0,0,0,0,0,0,0,0,0,0,0,0,0,0,0,0,0,0,0,0,0,0,0,0,0,0,0,0,0,0,0,0,0,0,0,0,0,0,0,0,0,0,0,0,0,0,0,0,0,0,0,0,0,0,0,0,0,0,0,0,0,0,1,1,1,1,1,1,3,3,3,3,3,3
"2444",84047021,"US","USA",840,47021,"Cheatham","Tennessee","US",36.26136216,-87.08903581,"Cheatham, Tennessee, US",0,0,0,0,0,0,0,0,0,0,0,0,0,0,0,0,0,0,0,0,0,0,0,0,0,0,0,0,0,0,0,0,0,0,0,0,0,0,0,0,0,0,0,0,0,0,0,0,0,0,0,0,0,0,0,0,1,1,2,2,4,4,5,7,7,7,7,8,8,10,11,11,11,12,13,13,13,13
"2445",84047023,"US","USA",840,47023,"Chester","Tennessee","US",35.42527478,-88.6095842,"Chester, Tennessee, US",0,0,0,0,0,0,0,0,0,0,0,0,0,0,0,0,0,0,0,0,0,0,0,0,0,0,0,0,0,0,0,0,0,0,0,0,0,0,0,0,0,0,0,0,0,0,0,0,0,0,0,0,0,0,0,0,0,0,0,0,1,1,1,1,2,2,2,2,2,3,3,3,5,6,6,6,7,6
"2446",84047025,"US","USA",840,47025,"Claiborne","Tennessee","US",36.48319149,-83.65947309,"Claiborne, Tennessee, US",0,0,0,0,0,0,0,0,0,0,0,0,0,0,0,0,0,0,0,0,0,0,0,0,0,0,0,0,0,0,0,0,0,0,0,0,0,0,0,0,0,0,0,0,0,0,0,0,0,0,0,0,0,0,0,0,0,0,0,0,0,1,1,1,2,2,2,2,2,2,2,2,2,2,2,2,2,2
"2447",84047027,"US","USA",840,47027,"Clay","Tennessee","US",36.55151008,-85.53930419,"Clay, Tennessee, US",0,0,0,0,0,0,0,0,0,0,0,0,0,0,0,0,0,0,0,0,0,0,0,0,0,0,0,0,0,0,0,0,0,0,0,0,0,0,0,0,0,0,0,0,0,0,0,0,0,0,0,0,0,0,0,0,0,0,0,0,0,0,0,0,0,0,0,0,0,0,1,1,1,1,1,1,1,2
"2448",84047029,"US","USA",840,47029,"Cocke","Tennessee","US",35.9278914,-83.11828725,"Cocke, Tennessee, US",0,0,0,0,0,0,0,0,0,0,0,0,0,0,0,0,0,0,0,0,0,0,0,0,0,0,0,0,0,0,0,0,0,0,0,0,0,0,0,0,0,0,0,0,0,0,0,0,0,0,0,0,0,0,0,0,0,0,0,1,1,1,1,1,1,1,1,1,1,1,1,1,1,1,1,1,2,2
"2449",84047031,"US","USA",840,47031,"Coffee","Tennessee","US",35.49090731,-86.07311784,"Coffee, Tennessee, US",0,0,0,0,0,0,0,0,0,0,0,0,0,0,0,0,0,0,0,0,0,0,0,0,0,0,0,0,0,0,0,0,0,0,0,0,0,0,0,0,0,0,0,0,0,0,0,0,0,0,0,0,0,0,0,0,0,0,0,0,0,0,0,0,0,0,0,1,1,1,1,3,3,4,5,7,7,7
"2450",84047033,"US","USA",840,47033,"Crockett","Tennessee","US",35.81830662,-89.14916269,"Crockett, Tennessee, US",0,0,0,0,0,0,0,0,0,0,0,0,0,0,0,0,0,0,0,0,0,0,0,0,0,0,0,0,0,0,0,0,0,0,0,0,0,0,0,0,0,0,0,0,0,0,0,0,0,0,0,0,0,0,0,0,0,0,0,0,0,0,0,0,0,0,0,0,0,0,0,0,0,0,0,0,0,0
"2451",84047035,"US","USA",840,47035,"Cumberland","Tennessee","US",35.95271721,-84.99840585,"Cumberland, Tennessee, US",0,0,0,0,0,0,0,0,0,0,0,0,0,0,0,0,0,0,0,0,0,0,0,0,0,0,0,0,0,0,0,0,0,0,0,0,0,0,0,0,0,0,0,0,0,0,0,0,0,0,0,0,0,0,0,0,0,1,2,2,2,2,3,3,6,6,6,9,9,11,14,16,22,23,26,26,32,33
"2452",84047037,"US","USA",840,47037,"Davidson","Tennessee","US",36.17007426,-86.78646056,"Davidson, Tennessee, US",0,0,0,0,0,0,0,0,0,0,0,0,0,0,0,0,0,0,0,0,0,0,0,0,0,0,0,0,0,0,0,0,0,0,0,0,0,0,0,0,0,0,0,0,0,0,1,1,1,2,6,10,14,14,25,42,58,75,101,140,167,164,253,257,293,312,376,394,443,541,673,785,685,741,801,819,888,946
"2453",84047039,"US","USA",840,47039,"Decatur","Tennessee","US",35.60048904,-88.11043779,"Decatur, Tennessee, US",0,0,0,0,0,0,0,0,0,0,0,0,0,0,0,0,0,0,0,0,0,0,0,0,0,0,0,0,0,0,0,0,0,0,0,0,0,0,0,0,0,0,0,0,0,0,0,0,0,0,0,0,0,0,0,0,0,0,0,0,0,0,0,0,0,0,1,1,1,0,0,0,0,0,0,0,0,1
"2454",84047041,"US","USA",840,47041,"DeKalb","Tennessee","US",35.97616272,-85.83689361,"DeKalb,Tennessee,US",0,0,0,0,0,0,0,0,0,0,0,0,0,0,0,0,0,0,0,0,0,0,0,0,0,0,0,0,0,0,0,0,0,0,0,0,0,0,0,0,0,0,0,0,0,0,0,0,0,0,0,0,0,0,0,0,0,0,0,0,0,0,0,0,0,0,3,3,3,4,5,5,5,5,7,7,7,7
"2455",84047043,"US","USA",840,47043,"Dickson","Tennessee","US",36.14669837,-87.35891709,"Dickson, Tennessee, US",0,0,0,0,0,0,0,0,0,0,0,0,0,0,0,0,0,0,0,0,0,0,0,0,0,0,0,0,0,0,0,0,0,0,0,0,0,0,0,0,0,0,0,0,0,0,0,0,0,0,0,0,0,0,0,0,0,0,1,3,4,5,5,5,7,9,11,11,11,17,18,20,21,22,23,24,27,26
"2456",84047045,"US","USA",840,47045,"Dyer","Tennessee","US",36.05931946,-89.41542855,"Dyer, Tennessee, US",0,0,0,0,0,0,0,0,0,0,0,0,0,0,0,0,0,0,0,0,0,0,0,0,0,0,0,0,0,0,0,0,0,0,0,0,0,0,0,0,0,0,0,0,0,0,0,0,0,0,0,0,0,0,0,0,0,0,1,2,2,2,2,2,3,3,3,3,3,3,3,5,5,7,9,9,10,11
"2457",84047047,"US","USA",840,47047,"Fayette","Tennessee","US",35.19615831,-89.41399032,"Fayette, Tennessee, US",0,0,0,0,0,0,0,0,0,0,0,0,0,0,0,0,0,0,0,0,0,0,0,0,0,0,0,0,0,0,0,0,0,0,0,0,0,0,0,0,0,0,0,0,0,0,0,0,0,0,0,0,0,0,0,0,0,0,1,1,3,2,2,3,3,3,4,10,10,12,14,14,17,18,20,21,21,22
"2458",84047049,"US","USA",840,47049,"Fentress","Tennessee","US",36.38128818,-84.92870012,"Fentress, Tennessee, US",0,0,0,0,0,0,0,0,0,0,0,0,0,0,0,0,0,0,0,0,0,0,0,0,0,0,0,0,0,0,0,0,0,0,0,0,0,0,0,0,0,0,0,0,0,0,0,0,0,0,0,0,0,0,0,0,0,0,0,0,0,0,0,0,0,0,0,0,0,1,1,1,1,1,2,2,2,2
"2459",84047051,"US","USA",840,47051,"Franklin","Tennessee","US",35.15634626,-86.09201039,"Franklin, Tennessee, US",0,0,0,0,0,0,0,0,0,0,0,0,0,0,0,0,0,0,0,0,0,0,0,0,0,0,0,0,0,0,0,0,0,0,0,0,0,0,0,0,0,0,0,0,0,0,0,0,0,0,0,0,0,0,0,0,0,0,0,0,1,1,1,1,2,3,3,6,6,5,7,8,12,12,12,14,14,17
"2460",84047053,"US","USA",840,47053,"Gibson","Tennessee","US",35.99438059,-88.93358327,"Gibson, Tennessee, US",0,0,0,0,0,0,0,0,0,0,0,0,0,0,0,0,0,0,0,0,0,0,0,0,0,0,0,0,0,0,0,0,0,0,0,0,0,0,0,0,0,0,0,0,0,0,0,0,0,0,0,0,0,0,0,0,0,0,0,0,1,1,2,2,2,2,2,3,3,6,6,6,7,8,11,12,13,13
"2461",84047055,"US","USA",840,47055,"Giles","Tennessee","US",35.20222469,-87.03992678,"Giles, Tennessee, US",0,0,0,0,0,0,0,0,0,0,0,0,0,0,0,0,0,0,0,0,0,0,0,0,0,0,0,0,0,0,0,0,0,0,0,0,0,0,0,0,0,0,0,0,0,0,0,0,0,0,0,0,0,0,0,0,0,0,0,0,0,0,0,0,0,0,0,0,1,3,3,3,3,3,3,3,3,3
"2462",84047057,"US","USA",840,47057,"Grainger","Tennessee","US",36.27469206,-83.51254721,"Grainger, Tennessee, US",0,0,0,0,0,0,0,0,0,0,0,0,0,0,0,0,0,0,0,0,0,0,0,0,0,0,0,0,0,0,0,0,0,0,0,0,0,0,0,0,0,0,0,0,0,0,0,0,0,0,0,0,0,0,0,0,0,0,0,0,0,0,0,0,0,0,0,0,0,0,3,3,3,3,3,3,3,3
"2463",84047059,"US","USA",840,47059,"Greene","Tennessee","US",36.17470125,-82.84691273,"Greene, Tennessee, US",0,0,0,0,0,0,0,0,0,0,0,0,0,0,0,0,0,0,0,0,0,0,0,0,0,0,0,0,0,0,0,0,0,0,0,0,0,0,0,0,0,0,0,0,0,0,0,0,0,0,0,0,0,0,0,0,0,0,1,1,2,4,5,7,8,8,8,9,9,12,15,16,16,16,17,17,18,20
"2464",84047061,"US","USA",840,47061,"Grundy","Tennessee","US",35.38433717,-85.72142731,"Grundy, Tennessee, US",0,0,0,0,0,0,0,0,0,0,0,0,0,0,0,0,0,0,0,0,0,0,0,0,0,0,0,0,0,0,0,0,0,0,0,0,0,0,0,0,0,0,0,0,0,0,0,0,0,0,0,0,0,0,0,0,0,0,0,0,0,0,1,1,1,1,2,2,2,4,6,8,11,12,12,15,16,16
"2465",84047063,"US","USA",840,47063,"Hamblen","Tennessee","US",36.21990035,-83.26586179,"Hamblen, Tennessee, US",0,0,0,0,0,0,0,0,0,0,0,0,0,0,0,0,0,0,0,0,0,0,0,0,0,0,0,0,0,0,0,0,0,0,0,0,0,0,0,0,0,0,0,0,0,0,0,0,0,0,0,0,0,0,0,0,0,0,0,2,2,3,2,2,2,2,2,2,2,2,3,3,3,4,4,4,4,4
"2466",84047065,"US","USA",840,47065,"Hamilton","Tennessee","US",35.17670231,-85.16652245,"Hamilton, Tennessee, US",0,0,0,0,0,0,0,0,0,0,0,0,0,0,0,0,0,0,0,0,0,0,0,0,0,0,0,0,0,0,0,0,0,0,0,0,0,0,0,0,0,0,0,0,0,0,0,0,0,0,0,1,1,1,1,1,3,5,5,7,8,12,8,26,30,30,35,35,35,50,50,61,67,71,74,83,95,95
"2467",84047067,"US","USA",840,47067,"Hancock","Tennessee","US",36.52692871,-83.22375847,"Hancock, Tennessee, US",0,0,0,0,0,0,0,0,0,0,0,0,0,0,0,0,0,0,0,0,0,0,0,0,0,0,0,0,0,0,0,0,0,0,0,0,0,0,0,0,0,0,0,0,0,0,0,0,0,0,0,0,0,0,0,0,0,0,0,0,0,0,0,0,0,0,0,0,0,0,0,0,0,0,0,0,0,0
"2468",84047069,"US","USA",840,47069,"Hardeman","Tennessee","US",35.20772017,-88.99161161,"Hardeman, Tennessee, US",0,0,0,0,0,0,0,0,0,0,0,0,0,0,0,0,0,0,0,0,0,0,0,0,0,0,0,0,0,0,0,0,0,0,0,0,0,0,0,0,0,0,0,0,0,0,0,0,0,0,0,0,0,0,0,0,0,0,0,0,0,0,0,0,0,0,1,1,1,1,4,4,5,6,6,6,6,6
"2469",84047071,"US","USA",840,47071,"Hardin","Tennessee","US",35.19732531,-88.18593755,"Hardin, Tennessee, US",0,0,0,0,0,0,0,0,0,0,0,0,0,0,0,0,0,0,0,0,0,0,0,0,0,0,0,0,0,0,0,0,0,0,0,0,0,0,0,0,0,0,0,0,0,0,0,0,0,0,0,0,0,0,0,0,0,0,0,0,0,1,1,1,1,1,1,1,1,1,2,2,2,2,2,2,2,2
"2470",84047073,"US","USA",840,47073,"Hawkins","Tennessee","US",36.44355426,-82.94885298,"Hawkins, Tennessee, US",0,0,0,0,0,0,0,0,0,0,0,0,0,0,0,0,0,0,0,0,0,0,0,0,0,0,0,0,0,0,0,0,0,0,0,0,0,0,0,0,0,0,0,0,0,0,0,0,0,0,0,0,0,0,0,0,0,0,0,0,0,0,0,1,1,2,2,2,2,4,5,7,8,9,10,14,16,18
"2471",84047075,"US","USA",840,47075,"Haywood","Tennessee","US",35.58332824,-89.28536625,"Haywood, Tennessee, US",0,0,0,0,0,0,0,0,0,0,0,0,0,0,0,0,0,0,0,0,0,0,0,0,0,0,0,0,0,0,0,0,0,0,0,0,0,0,0,0,0,0,0,0,0,0,0,0,0,0,0,0,0,0,0,0,0,0,0,0,0,0,0,0,0,0,0,2,2,2,2,2,2,2,3,5,6,7
"2472",84047077,"US","USA",840,47077,"Henderson","Tennessee","US",35.65581134,-88.38600175,"Henderson, Tennessee, US",0,0,0,0,0,0,0,0,0,0,0,0,0,0,0,0,0,0,0,0,0,0,0,0,0,0,0,0,0,0,0,0,0,0,0,0,0,0,0,0,0,0,0,0,0,0,0,0,0,0,0,0,0,0,0,0,0,0,0,0,0,0,0,0,0,0,0,0,0,0,0,0,0,0,1,1,2,2
"2473",84047079,"US","USA",840,47079,"Henry","Tennessee","US",36.33160906,-88.30121797,"Henry, Tennessee, US",0,0,0,0,0,0,0,0,0,0,0,0,0,0,0,0,0,0,0,0,0,0,0,0,0,0,0,0,0,0,0,0,0,0,0,0,0,0,0,0,0,0,0,0,0,0,0,0,0,0,0,0,0,0,0,0,0,0,0,0,0,0,0,0,0,0,0,1,1,1,1,4,4,4,4,5,6,6
"2474",84047081,"US","USA",840,47081,"Hickman","Tennessee","US",35.80609681,-87.47643507,"Hickman, Tennessee, US",0,0,0,0,0,0,0,0,0,0,0,0,0,0,0,0,0,0,0,0,0,0,0,0,0,0,0,0,0,0,0,0,0,0,0,0,0,0,0,0,0,0,0,0,0,0,0,0,0,0,0,0,0,0,0,0,0,0,0,0,0,0,0,0,0,0,0,0,0,0,1,1,1,1,2,2,2,2
"2475",84047083,"US","USA",840,47083,"Houston","Tennessee","US",36.28872054,-87.71878828,"Houston, Tennessee, US",0,0,0,0,0,0,0,0,0,0,0,0,0,0,0,0,0,0,0,0,0,0,0,0,0,0,0,0,0,0,0,0,0,0,0,0,0,0,0,0,0,0,0,0,0,0,0,0,0,0,0,0,0,0,0,0,0,0,0,0,1,1,1,3,3,2,2,2,2,1,1,1,1,2,2,2,2,2
"2476",84047085,"US","USA",840,47085,"Humphreys","Tennessee","US",36.03958805,-87.77992872,"Humphreys, Tennessee, US",0,0,0,0,0,0,0,0,0,0,0,0,0,0,0,0,0,0,0,0,0,0,0,0,0,0,0,0,0,0,0,0,0,0,0,0,0,0,0,0,0,0,0,0,0,0,0,0,0,0,0,0,0,0,0,0,0,0,0,0,0,0,0,0,0,0,0,0,0,2,2,2,3,3,3,3,4,4
"2477",84047087,"US","USA",840,47087,"Jackson","Tennessee","US",36.36380466,-85.67239905,"Jackson, Tennessee, US",0,0,0,0,0,0,0,0,0,0,0,0,0,0,0,0,0,0,0,0,0,0,0,0,0,0,0,0,0,0,0,0,0,0,0,0,0,0,0,0,0,0,0,0,0,0,0,0,0,0,0,0,0,0,0,0,0,0,0,0,0,0,0,0,0,0,0,0,0,0,0,0,3,3,3,3,3,4
"2478",84047089,"US","USA",840,47089,"Jefferson","Tennessee","US",36.04818632,-83.45148924,"Jefferson, Tennessee, US",0,0,0,0,0,0,0,0,0,0,0,0,0,0,0,0,0,0,0,0,0,0,0,0,0,0,0,0,0,0,0,0,0,0,0,0,0,0,0,0,0,0,0,0,0,0,0,0,0,0,0,1,1,1,1,1,1,1,1,1,2,3,4,4,4,5,5,5,5,6,6,6,6,6,6,7,10,12
"2479",84047091,"US","USA",840,47091,"Johnson","Tennessee","US",36.4552395,-81.84886538,"Johnson, Tennessee, US",0,0,0,0,0,0,0,0,0,0,0,0,0,0,0,0,0,0,0,0,0,0,0,0,0,0,0,0,0,0,0,0,0,0,0,0,0,0,0,0,0,0,0,0,0,0,0,0,0,0,0,0,0,0,0,0,0,0,0,0,0,0,0,0,0,0,0,2,2,2,2,2,2,2,2,2,2,2
"2480",84047093,"US","USA",840,47093,"Knox","Tennessee","US",35.99508821,-83.94635435,"Knox, Tennessee, US",0,0,0,0,0,0,0,0,0,0,0,0,0,0,0,0,0,0,0,0,0,0,0,0,0,0,0,0,0,0,0,0,0,0,0,0,0,0,0,0,0,0,0,0,0,0,0,0,0,0,1,1,1,1,1,2,2,2,2,4,5,12,15,20,26,31,33,38,57,66,78,92,98,99,115,119,143,148
"2481",84047095,"US","USA",840,47095,"Lake","Tennessee","US",36.3418017,-89.48921915,"Lake, Tennessee, US",0,0,0,0,0,0,0,0,0,0,0,0,0,0,0,0,0,0,0,0,0,0,0,0,0,0,0,0,0,0,0,0,0,0,0,0,0,0,0,0,0,0,0,0,0,0,0,0,0,0,0,0,0,0,0,0,0,0,0,0,0,0,0,0,0,0,0,0,0,0,0,0,0,0,0,0,0,0
"2482",84047097,"US","USA",840,47097,"Lauderdale","Tennessee","US",35.75893438,-89.6301591,"Lauderdale, Tennessee, US",0,0,0,0,0,0,0,0,0,0,0,0,0,0,0,0,0,0,0,0,0,0,0,0,0,0,0,0,0,0,0,0,0,0,0,0,0,0,0,0,0,0,0,0,0,0,0,0,0,0,0,0,0,0,0,0,0,0,0,0,0,0,0,0,0,0,0,0,0,0,1,2,2,2,2,5,5,6
"2483",84047099,"US","USA",840,47099,"Lawrence","Tennessee","US",35.21675201,-87.39787695,"Lawrence, Tennessee, US",0,0,0,0,0,0,0,0,0,0,0,0,0,0,0,0,0,0,0,0,0,0,0,0,0,0,0,0,0,0,0,0,0,0,0,0,0,0,0,0,0,0,0,0,0,0,0,0,0,0,0,0,0,0,0,0,0,0,0,0,0,0,0,0,0,0,0,0,0,2,2,2,3,3,3,4,6,10
"2484",84047101,"US","USA",840,47101,"Lewis","Tennessee","US",35.52853208,-87.49022694,"Lewis, Tennessee, US",0,0,0,0,0,0,0,0,0,0,0,0,0,0,0,0,0,0,0,0,0,0,0,0,0,0,0,0,0,0,0,0,0,0,0,0,0,0,0,0,0,0,0,0,0,0,0,0,0,0,0,0,0,0,0,0,0,0,0,0,0,0,0,1,2,2,2,2,2,2,2,2,2,2,2,2,2,2
"2485",84047103,"US","USA",840,47103,"Lincoln","Tennessee","US",35.13738622,-86.58910106,"Lincoln, Tennessee, US",0,0,0,0,0,0,0,0,0,0,0,0,0,0,0,0,0,0,0,0,0,0,0,0,0,0,0,0,0,0,0,0,0,0,0,0,0,0,0,0,0,0,0,0,0,0,0,0,0,0,0,0,0,0,0,0,0,0,0,0,0,1,1,1,1,1,1,1,1,1,2,2,4,5,5,5,6,7
"2486",84047105,"US","USA",840,47105,"Loudon","Tennessee","US",35.73939663,-84.31145275,"Loudon, Tennessee, US",0,0,0,0,0,0,0,0,0,0,0,0,0,0,0,0,0,0,0,0,0,0,0,0,0,0,0,0,0,0,0,0,0,0,0,0,0,0,0,0,0,0,0,0,0,0,0,0,0,0,0,0,0,0,0,0,0,0,0,0,1,1,2,3,6,6,6,8,8,8,8,9,12,13,13,13,15,15
"2487",84047107,"US","USA",840,47107,"McMinn","Tennessee","US",35.42812616,-84.61520715,"McMinn, Tennessee, US",0,0,0,0,0,0,0,0,0,0,0,0,0,0,0,0,0,0,0,0,0,0,0,0,0,0,0,0,0,0,0,0,0,0,0,0,0,0,0,0,0,0,0,0,0,0,0,0,0,0,0,0,0,0,0,0,0,0,0,0,1,2,2,2,3,3,3,3,3,3,3,3,3,3,3,3,3,3
"2488",84047109,"US","USA",840,47109,"McNairy","Tennessee","US",35.17468549,-88.5647812,"McNairy, Tennessee, US",0,0,0,0,0,0,0,0,0,0,0,0,0,0,0,0,0,0,0,0,0,0,0,0,0,0,0,0,0,0,0,0,0,0,0,0,0,0,0,0,0,0,0,0,0,0,0,0,0,0,0,0,0,0,0,0,0,0,0,0,0,0,0,0,0,0,0,1,1,1,1,3,3,3,3,4,5,7
"2489",84047111,"US","USA",840,47111,"Macon","Tennessee","US",36.53157855,-86.00778595,"Macon, Tennessee, US",0,0,0,0,0,0,0,0,0,0,0,0,0,0,0,0,0,0,0,0,0,0,0,0,0,0,0,0,0,0,0,0,0,0,0,0,0,0,0,0,0,0,0,0,0,0,0,0,0,0,0,0,0,0,0,0,0,0,0,0,0,0,0,0,1,1,2,3,3,4,4,5,7,7,9,11,12,16
"2490",84047113,"US","USA",840,47113,"Madison","Tennessee","US",35.61181957,-88.84076036,"Madison, Tennessee, US",0,0,0,0,0,0,0,0,0,0,0,0,0,0,0,0,0,0,0,0,0,0,0,0,0,0,0,0,0,0,0,0,0,0,0,0,0,0,0,0,0,0,0,0,0,0,0,0,0,0,0,0,0,0,0,0,0,0,0,0,0,0,1,2,2,3,3,3,3,5,7,13,17,19,19,22,43,43
"2491",84047115,"US","USA",840,47115,"Marion","Tennessee","US",35.12997174,-85.62265895,"Marion, Tennessee, US",0,0,0,0,0,0,0,0,0,0,0,0,0,0,0,0,0,0,0,0,0,0,0,0,0,0,0,0,0,0,0,0,0,0,0,0,0,0,0,0,0,0,0,0,0,0,0,0,0,0,0,0,0,0,0,0,0,0,0,0,1,1,1,1,2,2,4,5,5,5,8,13,14,16,16,20,21,21
"2492",84047117,"US","USA",840,47117,"Marshall","Tennessee","US",35.45798777,-86.76420988,"Marshall, Tennessee, US",0,0,0,0,0,0,0,0,0,0,0,0,0,0,0,0,0,0,0,0,0,0,0,0,0,0,0,0,0,0,0,0,0,0,0,0,0,0,0,0,0,0,0,0,0,0,0,0,0,0,0,0,0,0,0,0,0,0,0,0,0,0,0,0,0,0,0,0,0,1,1,2,4,4,6,9,9,9
"2493",84047119,"US","USA",840,47119,"Maury","Tennessee","US",35.6187413,-87.07462444,"Maury, Tennessee, US",0,0,0,0,0,0,0,0,0,0,0,0,0,0,0,0,0,0,0,0,0,0,0,0,0,0,0,0,0,0,0,0,0,0,0,0,0,0,0,0,0,0,0,0,0,0,0,0,0,0,0,0,0,0,0,0,0,0,0,1,2,6,6,7,7,7,8,8,8,15,17,18,20,21,21,24,26,29
"2494",84047121,"US","USA",840,47121,"Meigs","Tennessee","US",35.51558739,-84.81482914,"Meigs, Tennessee, US",0,0,0,0,0,0,0,0,0,0,0,0,0,0,0,0,0,0,0,0,0,0,0,0,0,0,0,0,0,0,0,0,0,0,0,0,0,0,0,0,0,0,0,0,0,0,0,0,0,0,0,0,0,0,0,0,0,0,0,0,0,0,0,0,1,1,1,1,1,1,1,2,2,2,2,2,2,3
"2495",84047123,"US","USA",840,47123,"Monroe","Tennessee","US",35.44550387,-84.24902965,"Monroe, Tennessee, US",0,0,0,0,0,0,0,0,0,0,0,0,0,0,0,0,0,0,0,0,0,0,0,0,0,0,0,0,0,0,0,0,0,0,0,0,0,0,0,0,0,0,0,0,0,0,0,0,0,0,0,0,0,0,0,0,0,0,0,3,3,2,2,2,2,2,3,3,3,5,5,5,5,6,6,6,6,6
"2496",84047125,"US","USA",840,47125,"Montgomery","Tennessee","US",36.49609412,-87.38550661,"Montgomery, Tennessee, US",0,0,0,0,0,0,0,0,0,0,0,0,0,0,0,0,0,0,0,0,0,0,0,0,0,0,0,0,0,0,0,0,0,0,0,0,0,0,0,0,0,0,0,0,0,0,0,0,0,0,0,0,0,0,0,0,0,0,1,3,3,3,6,6,6,9,11,13,13,19,27,37,41,46,51,54,65,72
"2497",84047127,"US","USA",840,47127,"Moore","Tennessee","US",35.27724699,-86.36230578,"Moore, Tennessee, US",0,0,0,0,0,0,0,0,0,0,0,0,0,0,0,0,0,0,0,0,0,0,0,0,0,0,0,0,0,0,0,0,0,0,0,0,0,0,0,0,0,0,0,0,0,0,0,0,0,0,0,0,0,0,0,0,0,0,0,0,0,0,0,0,0,0,0,0,0,0,0,0,0,0,0,0,0,0
"2498",84047129,"US","USA",840,47129,"Morgan","Tennessee","US",36.13248031,-84.64880098,"Morgan, Tennessee, US",0,0,0,0,0,0,0,0,0,0,0,0,0,0,0,0,0,0,0,0,0,0,0,0,0,0,0,0,0,0,0,0,0,0,0,0,0,0,0,0,0,0,0,0,0,0,0,0,0,0,0,0,0,0,0,0,0,0,0,0,0,0,0,0,0,0,1,1,1,1,1,1,2,4,4,5,5,5
"2499",84047131,"US","USA",840,47131,"Obion","Tennessee","US",36.35732446,-89.14921589,"Obion, Tennessee, US",0,0,0,0,0,0,0,0,0,0,0,0,0,0,0,0,0,0,0,0,0,0,0,0,0,0,0,0,0,0,0,0,0,0,0,0,0,0,0,0,0,0,0,0,0,0,0,0,0,0,0,0,0,0,0,0,0,0,0,0,0,0,0,0,0,0,0,1,1,1,2,2,2,2,2,2,3,4
"2500",84047133,"US","USA",840,47133,"Overton","Tennessee","US",36.34117832,-85.28989535,"Overton, Tennessee, US",0,0,0,0,0,0,0,0,0,0,0,0,0,0,0,0,0,0,0,0,0,0,0,0,0,0,0,0,0,0,0,0,0,0,0,0,0,0,0,0,0,0,0,0,0,0,0,0,0,0,0,0,0,0,0,0,0,0,0,0,0,0,1,1,1,1,2,2,2,2,2,2,2,2,3,4,4,5
"2501",84047135,"US","USA",840,47135,"Perry","Tennessee","US",35.63708728,-87.86139634,"Perry, Tennessee, US",0,0,0,0,0,0,0,0,0,0,0,0,0,0,0,0,0,0,0,0,0,0,0,0,0,0,0,0,0,0,0,0,0,0,0,0,0,0,0,0,0,0,0,0,0,0,0,0,0,0,0,0,0,0,0,0,0,0,0,0,1,2,1,1,1,2,2,2,2,2,2,2,2,3,3,3,3,3
"2502",84047137,"US","USA",840,47137,"Pickett","Tennessee","US",36.55606529,-85.077633,"Pickett, Tennessee, US",0,0,0,0,0,0,0,0,0,0,0,0,0,0,0,0,0,0,0,0,0,0,0,0,0,0,0,0,0,0,0,0,0,0,0,0,0,0,0,0,0,0,0,0,0,0,0,0,0,0,0,0,0,0,0,0,0,0,0,0,0,0,0,0,0,0,0,0,0,0,0,0,0,0,0,0,0,0
"2503",84047139,"US","USA",840,47139,"Polk","Tennessee","US",35.12245443,-84.52075859,"Polk, Tennessee, US",0,0,0,0,0,0,0,0,0,0,0,0,0,0,0,0,0,0,0,0,0,0,0,0,0,0,0,0,0,0,0,0,0,0,0,0,0,0,0,0,0,0,0,0,0,0,0,0,0,0,0,0,0,0,0,0,0,0,0,0,0,0,0,0,0,0,0,0,0,0,0,1,2,3,3,3,3,3
"2504",84047141,"US","USA",840,47141,"Putnam","Tennessee","US",36.14005459,-85.50646123,"Putnam, Tennessee, US",0,0,0,0,0,0,0,0,0,0,0,0,0,0,0,0,0,0,0,0,0,0,0,0,0,0,0,0,0,0,0,0,0,0,0,0,0,0,0,0,0,0,0,0,0,0,0,0,0,0,0,0,0,0,0,0,0,0,0,5,6,6,8,9,11,13,17,17,17,24,31,37,50,52,52,55,57,81
"2505",84047143,"US","USA",840,47143,"Rhea","Tennessee","US",35.60536161,-84.93076643,"Rhea, Tennessee, US",0,0,0,0,0,0,0,0,0,0,0,0,0,0,0,0,0,0,0,0,0,0,0,0,0,0,0,0,0,0,0,0,0,0,0,0,0,0,0,0,0,0,0,0,0,0,0,0,0,0,0,0,0,0,0,0,0,0,0,0,0,0,0,0,0,0,0,0,0,1,1,0,0,0,0,0,0,0
"2506",84047145,"US","USA",840,47145,"Roane","Tennessee","US",35.84923189,-84.52458689,"Roane, Tennessee, US",0,0,0,0,0,0,0,0,0,0,0,0,0,0,0,0,0,0,0,0,0,0,0,0,0,0,0,0,0,0,0,0,0,0,0,0,0,0,0,0,0,0,0,0,0,0,0,0,0,0,0,0,0,0,0,0,0,0,0,1,1,1,1,1,1,1,1,2,2,2,2,3,3,5,5,5,5,5
"2507",84047147,"US","USA",840,47147,"Robertson","Tennessee","US",36.52454807,-86.87346725,"Robertson, Tennessee, US",0,0,0,0,0,0,0,0,0,0,0,0,0,0,0,0,0,0,0,0,0,0,0,0,0,0,0,0,0,0,0,0,0,0,0,0,0,0,0,0,0,0,0,0,0,0,0,0,0,0,0,0,0,0,0,0,1,1,1,2,3,6,12,15,20,22,23,25,25,28,35,41,51,51,59,60,65,67
"2508",84047149,"US","USA",840,47149,"Rutherford","Tennessee","US",35.84591405,-86.4107263,"Rutherford, Tennessee, US",0,0,0,0,0,0,0,0,0,0,0,0,0,0,0,0,0,0,0,0,0,0,0,0,0,0,0,0,0,0,0,0,0,0,0,0,0,0,0,0,0,0,0,0,0,0,0,0,0,0,0,1,1,1,1,1,1,1,1,5,8,9,13,19,27,39,46,48,48,68,86,113,127,140,147,161,178,193
"2509",84047151,"US","USA",840,47151,"Scott","Tennessee","US",36.42325673,-84.50360494,"Scott, Tennessee, US",0,0,0,0,0,0,0,0,0,0,0,0,0,0,0,0,0,0,0,0,0,0,0,0,0,0,0,0,0,0,0,0,0,0,0,0,0,0,0,0,0,0,0,0,0,0,0,0,0,0,0,0,0,0,0,0,0,0,0,2,2,1,1,1,1,2,2,2,2,2,3,3,3,3,3,3,4,5
"2510",84047153,"US","USA",840,47153,"Sequatchie","Tennessee","US",35.36979721,-85.41022136,"Sequatchie, Tennessee, US",0,0,0,0,0,0,0,0,0,0,0,0,0,0,0,0,0,0,0,0,0,0,0,0,0,0,0,0,0,0,0,0,0,0,0,0,0,0,0,0,0,0,0,0,0,0,0,0,0,0,0,0,0,0,0,0,0,0,0,0,0,0,0,0,0,0,0,0,0,1,1,2,2,2,2,2,2,1
"2511",84047155,"US","USA",840,47155,"Sevier","Tennessee","US",35.78077323,-83.52244332,"Sevier, Tennessee, US",0,0,0,0,0,0,0,0,0,0,0,0,0,0,0,0,0,0,0,0,0,0,0,0,0,0,0,0,0,0,0,0,0,0,0,0,0,0,0,0,0,0,0,0,0,0,0,0,0,0,0,0,0,0,1,1,1,1,1,2,1,1,2,2,3,6,6,6,6,8,9,10,13,13,14,16,18,19
"2512",84047157,"US","USA",840,47157,"Shelby","Tennessee","US",35.1864775,-89.89692423,"Shelby, Tennessee, US",0,0,0,0,0,0,0,0,0,0,0,0,0,0,0,0,0,0,0,0,0,0,0,0,0,0,0,0,0,0,0,0,0,0,0,0,0,0,0,0,0,0,0,0,0,0,1,1,1,1,2,2,2,2,2,3,4,10,4,42,66,93,135,170,198,223,275,362,396,428,496,638,640,689,736,766,835,912
"2513",84047159,"US","USA",840,47159,"Smith","Tennessee","US",36.25359775,-85.95411046,"Smith, Tennessee, US",0,0,0,0,0,0,0,0,0,0,0,0,0,0,0,0,0,0,0,0,0,0,0,0,0,0,0,0,0,0,0,0,0,0,0,0,0,0,0,0,0,0,0,0,0,0,0,0,0,0,0,0,0,0,0,0,0,0,0,0,0,0,0,0,0,1,1,1,1,2,3,3,3,3,3,3,3,3
"2514",84047161,"US","USA",840,47161,"Stewart","Tennessee","US",36.50235092,-87.83920548,"Stewart, Tennessee, US",0,0,0,0,0,0,0,0,0,0,0,0,0,0,0,0,0,0,0,0,0,0,0,0,0,0,0,0,0,0,0,0,0,0,0,0,0,0,0,0,0,0,0,0,0,0,0,0,0,0,0,0,0,0,0,0,0,0,0,0,0,0,0,0,0,0,0,0,0,0,0,0,0,1,2,2,2,2
"2515",84047163,"US","USA",840,47163,"Sullivan","Tennessee","US",36.51240691,-82.30412917,"Sullivan, Tennessee, US",0,0,0,0,0,0,0,0,0,0,0,0,0,0,0,0,0,0,0,0,0,0,0,0,0,0,0,0,0,0,0,0,0,0,0,0,0,0,0,0,0,0,0,0,0,0,0,0,0,1,1,1,1,1,1,1,1,1,1,1,1,2,2,2,4,6,6,8,8,13,17,17,18,18,21,25,26,27
"2516",84047165,"US","USA",840,47165,"Sumner","Tennessee","US",36.46824103,-86.45917204,"Sumner, Tennessee, US",0,0,0,0,0,0,0,0,0,0,0,0,0,0,0,0,0,0,0,0,0,0,0,0,0,0,0,0,0,0,0,0,0,0,0,0,0,0,0,0,0,0,0,0,0,0,0,0,0,0,0,0,0,0,0,0,2,2,11,11,22,34,34,36,43,58,82,93,179,184,201,268,283,301,321,335,361,376
"2517",84047167,"US","USA",840,47167,"Tipton","Tennessee","US",35.501942,-89.73694895,"Tipton, Tennessee, US",0,0,0,0,0,0,0,0,0,0,0,0,0,0,0,0,0,0,0,0,0,0,0,0,0,0,0,0,0,0,0,0,0,0,0,0,0,0,0,0,0,0,0,0,0,0,0,0,0,0,0,0,0,0,0,0,0,0,0,2,5,6,6,6,8,10,11,15,15,21,22,24,28,31,33,36,38,38
"2518",84047169,"US","USA",840,47169,"Trousdale","Tennessee","US",36.39026213,-86.16087954,"Trousdale, Tennessee, US",0,0,0,0,0,0,0,0,0,0,0,0,0,0,0,0,0,0,0,0,0,0,0,0,0,0,0,0,0,0,0,0,0,0,0,0,0,0,0,0,0,0,0,0,0,0,0,0,0,0,0,0,0,0,0,0,0,0,0,0,0,0,0,0,0,0,1,1,1,4,5,6,7,7,8,11,14,14
"2519",84047171,"US","USA",840,47171,"Unicoi","Tennessee","US",36.10890856,-82.43709629,"Unicoi, Tennessee, US",0,0,0,0,0,0,0,0,0,0,0,0,0,0,0,0,0,0,0,0,0,0,0,0,0,0,0,0,0,0,0,0,0,0,0,0,0,0,0,0,0,0,0,0,0,0,0,0,0,0,0,0,0,0,0,0,0,0,0,0,0,0,0,0,0,1,1,1,1,1,1,1,1,1,1,1,1,1
"2520",84047173,"US","USA",840,47173,"Union","Tennessee","US",36.28590426,-83.83651902,"Union, Tennessee, US",0,0,0,0,0,0,0,0,0,0,0,0,0,0,0,0,0,0,0,0,0,0,0,0,0,0,0,0,0,0,0,0,0,0,0,0,0,0,0,0,0,0,0,0,0,0,0,0,0,0,0,0,0,0,0,0,0,0,0,0,0,0,0,0,0,0,1,1,1,1,1,1,1,1,1,1,1,2
"2521",84047175,"US","USA",840,47175,"Van Buren","Tennessee","US",35.69864497,-85.45221699,"Van Buren, Tennessee, US",0,0,0,0,0,0,0,0,0,0,0,0,0,0,0,0,0,0,0,0,0,0,0,0,0,0,0,0,0,0,0,0,0,0,0,0,0,0,0,0,0,0,0,0,0,0,0,0,0,0,0,0,0,0,0,0,0,0,0,0,0,0,0,0,0,0,0,0,0,0,0,0,0,0,0,0,0,0
"2522",84047177,"US","USA",840,47177,"Warren","Tennessee","US",35.6728299,-85.77969117,"Warren, Tennessee, US",0,0,0,0,0,0,0,0,0,0,0,0,0,0,0,0,0,0,0,0,0,0,0,0,0,0,0,0,0,0,0,0,0,0,0,0,0,0,0,0,0,0,0,0,0,0,0,0,0,0,0,0,0,0,0,0,0,0,0,0,0,0,0,0,0,0,0,0,0,1,1,1,1,1,1,1,2,2
"2523",84047179,"US","USA",840,47179,"Washington","Tennessee","US",36.29472368,-82.4945472,"Washington, Tennessee, US",0,0,0,0,0,0,0,0,0,0,0,0,0,0,0,0,0,0,0,0,0,0,0,0,0,0,0,0,0,0,0,0,0,0,0,0,0,0,0,0,0,0,0,0,0,0,0,0,0,0,0,0,0,0,0,0,0,0,2,2,2,6,7,7,9,10,14,14,14,14,21,20,20,22,23,24,27,30
"2524",84047181,"US","USA",840,47181,"Wayne","Tennessee","US",35.23868267,-87.78644456,"Wayne, Tennessee, US",0,0,0,0,0,0,0,0,0,0,0,0,0,0,0,0,0,0,0,0,0,0,0,0,0,0,0,0,0,0,0,0,0,0,0,0,0,0,0,0,0,0,0,0,0,0,0,0,0,0,0,0,0,0,0,0,0,0,0,0,0,0,0,0,0,0,0,0,0,1,1,2,2,2,2,2,2,2
"2525",84047183,"US","USA",840,47183,"Weakley","Tennessee","US",36.29896232,-88.71990865,"Weakley, Tennessee, US",0,0,0,0,0,0,0,0,0,0,0,0,0,0,0,0,0,0,0,0,0,0,0,0,0,0,0,0,0,0,0,0,0,0,0,0,0,0,0,0,0,0,0,0,0,0,0,0,0,0,0,0,0,0,0,0,0,0,0,0,0,1,0,0,0,0,1,1,1,1,1,1,1,1,5,5,5,5
"2526",84047185,"US","USA",840,47185,"White","Tennessee","US",35.92929884,-85.45591799,"White, Tennessee, US",0,0,0,0,0,0,0,0,0,0,0,0,0,0,0,0,0,0,0,0,0,0,0,0,0,0,0,0,0,0,0,0,0,0,0,0,0,0,0,0,0,0,0,0,0,0,0,0,0,0,0,0,0,0,0,0,0,0,0,0,0,0,0,1,1,1,1,1,1,1,2,2,2,2,2,2,2,2
"2527",84047187,"US","USA",840,47187,"Williamson","Tennessee","US",35.89099229,-86.89281867,"Williamson, Tennessee, US",0,0,0,0,0,0,0,0,0,0,0,0,0,0,0,0,0,0,0,0,0,0,0,0,0,0,0,0,0,0,0,0,0,0,0,0,0,0,0,0,0,0,0,1,1,1,1,1,1,5,8,9,10,10,18,21,24,30,35,47,48,53,64,66,70,91,95,101,101,131,148,199,221,239,258,260,278,287
"2528",84047189,"US","USA",840,47189,"Wilson","Tennessee","US",36.15496772,-86.29775884,"Wilson, Tennessee, US",0,0,0,0,0,0,0,0,0,0,0,0,0,0,0,0,0,0,0,0,0,0,0,0,0,0,0,0,0,0,0,0,0,0,0,0,0,0,0,0,0,0,0,0,0,0,0,0,0,0,0,0,0,0,0,0,0,0,1,3,2,6,7,10,13,20,20,27,27,39,45,62,71,82,93,97,113,117
"3192",84080047,"US","USA",840,80047,"Out of TN","Tennessee","US",0,0,"Out of TN, Tennessee, US",0,0,0,0,0,0,0,0,0,0,0,0,0,0,0,0,0,0,0,0,0,0,0,0,0,0,0,0,0,0,0,0,0,0,0,0,0,0,0,0,0,0,0,0,0,0,0,0,0,0,0,0,0,0,0,0,0,0,0,0,0,89,95,100,117,141,148,150,150,190,243,243,187,218,265,290,290,282
"3244",84090047,"US","USA",840,90047,"Unassigned","Tennessee","US",0,0,"Unassigned, Tennessee, US",0,0,0,0,0,0,0,0,0,0,0,0,0,0,0,0,0,0,0,0,0,0,0,0,0,0,0,0,0,0,0,0,0,0,0,0,0,0,0,0,0,0,0,0,0,0,0,0,0,0,0,0,0,0,0,0,0,22,43,0,0,54,38,81,112,172,161,190,197,307,442,6,54,63,86,69,59,31
